EXP No,Flag,MAC Address,Advertising Data,Manufacturer Specific Data,SS at 0.02m,SS at 0.5m,SS at 1m,SS at 3m,SS at 5m,DM at 0.02m,DM at 0.5m,DM at 1m,DM at 3m,DM at 5m,Detected
1,0,D3:22:08:9D:6C:0C,0x1EFF4C00121910B7C647488AF528604D6DEDCB89EC467E80354F52FDEE00E1,0x121910B7C647488AF528604D6DEDCB89EC467E80354F52FDEE00E1,-21,-46,-53,-72,-81,0.258,1.542,3.017,4.358,4.47,Yes
2,0,CB:B9:85:97:68:98,0X1EFF4C001219108CA0E992D45396BF65CB03D41899079AE0DCC570E0C70208,0X1219108CA0E992D45396BF65CB03D41899079AE0DCC570E0C70208,-21,-49,-63,-71,-79,0.455,2.019,2.942,3.164,8.688,Yes
3,0,DB:2F:86:BF:09:8C,0X1EFF4C00121910F0B9551C79E23EED5298A6EC89AC9ECC0AD933856CAC0072,0X121910F0B9551C79E23EED5298A6EC89AC9ECC0AD933856CAC0072,-23,-48,-52,-70,-76,0.329,1.664,2.582,3.274,6.716,Yes
4,1,NA,NA,NA,NA,NA,NA,NA,NA,NA,NA,NA,NA,NA,No
5,1,NA,NA,NA,NA,NA,NA,NA,NA,NA,NA,NA,NA,NA,No
6,0,C6:56:4F:7B:F0:44,0X1EFF4C001219105075B0B2FCCBD399OF91D333573C8138100EF7F45BC60044,0X1219105075B0B2FCCBD399OF91D333573C8138100EF7F45BC60044,-24,-45,-52,-74,NA,0.369,0.889,2.449,2.635,NA,Yes
7,0,CB:18:6D:32:F8:56,0X1EFF4C0012191091F33832EC2211E0993000535DCCB99BEC2B04448EA10358,0X12191091F33832EC2211E0993000535DCCB99BEC2B04448EA10358,-27,-47,-56,-72,NA,0.236,1.452,1.939,3.928,NA,Yes
8,0,C6:56:4F:7B:F0:44,0X1EFF4C001219105075B0B2FCCBD399OF91D333573C8138100EF7F45BC600C5,0X1219105075B0B2FCCBD399OF91D333573C8138100EF7F45BC600C5,-26,-47,-59,-73,NA,0.363,1.974,1.871,2.125,NA,Yes
9,0,CB:18:6D:32:F8:56,0X1EFF4C0012191091F33832EC2211E0993000535DCCB99BEC2B04448EA10345,0X12191091F33832EC2211E0993000535DCCB99BEC2B04448EA10345,-21,-48,-52,-70,NA,0.313,1.109,2.202,4.784,NA,Yes
10,0,C6:56:4F:7B:F0:44,0X1EFF4C001219105075B0B2FCCBD399OF91D333573C8138100EF7F45BC6001A,0X1219105075B0B2FCCBD399OF91D333573C8138100EF7F45BC6001A,-29,-48,-54,-72,NA,0.229,1.509,1.204,4.761,NA,Yes
11,0,CB:18:6D:32:F8:56,0X1EFF4C0012191091F33832EC2211E0993000535DCCB99BEC2B04448EA10351,0X12191091F33832EC2211E0993000535DCCB99BEC2B04448EA10351,-23,-49,-63,-70,NA,0.28,1.565,2.456,5.092,NA,Yes
12,1,NA,NA,NA,NA,NA,NA,NA,NA,NA,NA,NA,NA,NA,No
13,1,NA,NA,NA,NA,NA,NA,NA,NA,NA,NA,NA,NA,NA,No
14,1,NA,NA,NA,NA,NA,NA,NA,NA,NA,NA,NA,NA,NA,No
15,1,NA,NA,NA,NA,NA,NA,NA,NA,NA,NA,NA,NA,NA,No
16,1,NA,NA,NA,NA,NA,NA,NA,NA,NA,NA,NA,NA,NA,No
17,0,F7:BE:E6:60:50:AE,0X1EFF4C001219107CD53ECAB5666265A7C7135255A04CDE2C36B2279B1102AE,0X1219107CD53ECAB5666265A7C7135255A04CDE2C36B2279B1102AE,-21,-49,-53,-70,-81,0.339,1.534,1.739,3.065,6.603,Yes
18,0,FD:F3:C9:39:0A:BD,0X1EFF4C001219101FA80E13E51519767E677A59A61C94626B2BBB2454AF03BD,0X1219101FA80E13E51519767E677A59A61C94626B2BBB2454AF03BD,-24,-48,-59,-74,-83,0.47,0.815,2.855,4.811,6.881,Yes
19,0,F7:BE:E6:60:50:AE,0X1EFF4C001219107CD53ECAB5666265A7C7135255A04CDE2C36B2279B110262,0X1219107CD53ECAB5666265A7C7135255A04CDE2C36B2279B110262,-22,-49,-56,-74,-84,0.217,0.829,2.103,4.834,5.48,Yes
20,0,FD:F3:C9:39:0A:BD,0X1EFF4C001219101FA80E13E51519767E677A59A61C94626B2BBB2454AF037D,0X1219101FA80E13E51519767E677A59A61C94626B2BBB2454AF037D,-25,-46,-58,-72,-78,0.396,1.033,1.2,4.482,7.788,Yes
21,1,F7:BE:E6:60:50:AE,0X1EFF4C001219107CD53ECAB5666265A7C7135255A04CDE2C36B2279B110262,0X1219107CD53ECAB5666265A7C7135255A04CDE2C36B2279B110262,-23,-48,-58,-74,-76,0.402,0.736,0.967,2.08,5.778,Yes
22,1,NA,NA,NA,NA,NA,NA,NA,NA,NA,NA,NA,NA,NA,No
23,1,NA,NA,NA,NA,NA,NA,NA,NA,NA,NA,NA,NA,NA,No
24,1,NA,NA,NA,NA,NA,NA,NA,NA,NA,NA,NA,NA,NA,No
25,1,NA,NA,NA,NA,NA,NA,NA,NA,NA,NA,NA,NA,NA,No
26,0,EE:B0:7B:28:93:19,0X1EFF4C001219104488D3861BFBB2FFB2889CD13FAE58699096D07423980019,0X1219104488D3861BFBB2FFB2889CD13FAE58699096D07423980019,-21,-45,-61,-71,NA,0.309,0.878,1.528,5.194,NA,Yes
27,1,NA,NA,NA,NA,NA,NA,NA,NA,NA,NA,NA,NA,NA,Yes
28,0,DA:A9:07:B4:20:DC,0X1EFF4C00121910B50BE2307B22FABB73DCD9FFBA6740527943E13C49A9023C,0X121910B50BE2307B22FABB73DCD9FFBA6740527943E13C49A9023C,-26,-45,-57,-70,NA,0.411,1.973,2.363,3.675,NA,Yes
29,1,NA,NA,NA,NA,NA,NA,NA,NA,NA,NA,NA,NA,NA,No
30,0,EE:B0:7B:28:93:19,0X1EFF4C001219104488D3861BFBB2FFB2889CD13FAE58699096D07423980049,0X1219104488D3861BFBB2FFB2889CD13FAE58699096D07423980049,-24,-48,-53,-71,NA,0.42,0.744,2.098,4.735,NA,Yes
31,1,NA,NA,NA,NA,NA,NA,NA,NA,NA,NA,NA,NA,NA,No
32,0,EE:B0:7B:28:93:19,0X1EFF4C001219104488D3861BFBB2FFB2889CD13FAE58699096D07423980043,0X1219104488D3861BFBB2FFB2889CD13FAE58699096D07423980043,-24,-49,-52,-74,NA,0.332,1.665,1.866,2.895,NA,Yes
33,1,NA,NA,NA,NA,NA,NA,NA,NA,NA,NA,NA,NA,NA,No
34,0,DA:A9:07:B4:20:DC,0X1EFF4C00121910B50BE2307B22FABB73DCD9FFBA6740527943E13C49A90228,0X121910B50BE2307B22FABB73DCD9FFBA6740527943E13C49A90228,-24,-45,-53,-71,NA,0.337,0.973,2.397,2.279,NA,Yes
35,1,NA,NA,NA,NA,NA,NA,NA,NA,NA,NA,NA,NA,NA,No
36,0,EE:B0:7B:28:93:19,0X1EFF4C001219104488D3861BFBB2FFB2889CD13FAE58699096D07423980043,0X1219104488D3861BFBB2FFB2889CD13FAE58699096D07423980043,-23,-48,-52,-72,NA,0.258,0.969,2.266,4.163,NA,Yes
37,1,NA,NA,NA,NA,NA,NA,NA,NA,NA,NA,NA,NA,NA,No
38,0,EE:B0:7B:28:93:19,0X1EFF4C001219104488D3861BFBB2FFB2889CD13FAE58699096D07423980043,0X1219104488D3861BFBB2FFB2889CD13FAE58699096D07423980043,-23,-48,-58,-70,NA,0.415,0.85,1.634,3.817,NA,Yes
39,1,NA,NA,NA,NA,NA,NA,NA,NA,NA,NA,NA,NA,NA,No
40,0,EE:B0:7B:28:93:19,0X1EFF4C001219104488D3861BFBB2FFB2889CD13FAE58699096D07423980043,0X1219104488D3861BFBB2FFB2889CD13FAE58699096D07423980043,-24,-49,-56,-72,NA,0.257,1.438,2.98,2.837,NA,Yes
41,1,NA,NA,NA,NA,NA,NA,NA,NA,NA,NA,NA,NA,NA,No
42,1,NA,NA,NA,NA,NA,NA,NA,NA,NA,NA,NA,NA,NA,No
43,1,NA,NA,NA,NA,NA,NA,NA,NA,NA,NA,NA,NA,NA,No
44,1,NA,NA,NA,NA,NA,NA,NA,NA,NA,NA,NA,NA,NA,No
45,0,DA:A9:07:B4:20:DC,0X1EFF4C00121910B50BE2307B22FABB73DCD9FFBA6740527943E13C49A90228,0X121910B50BE2307B22FABB73DCD9FFBA6740527943E13C49A90228,-24,-46,-63,-72,-82,0.484,1.772,2.698,3.055,5.558,Yes
46,0,DA:A9:07:B4:20:DC,0X1EFF4C00121910B50BE2307B22FABB73DCD9FFBA6740527943E13C49A90228,0X121910B50BE2307B22FABB73DCD9FFBA6740527943E13C49A90228,-27,-49,-57,-74,-78,0.423,0.88,1.638,4.279,4.971,Yes
47,0,DA:A9:07:B4:20:DC,0X1EFF4C00121910B50BE2307B22FABB73DCD9FFBA6740527943E13C49A90228,0X121910B50BE2307B22FABB73DCD9FFBA6740527943E13C49A90228,-23,-46,-63,-74,-81,0.346,1.358,1.033,4.351,5.628,Yes
48,0,DA:A9:07:B4:20:DC,0X1EFF4C00121910B50BE2307B22FABB73DCD9FFBA6740527943E13C49A90228,0X121910B50BE2307B22FABB73DCD9FFBA6740527943E13C49A90228,-22,-49,-56,-71,-84,0.214,1.807,2.619,5.275,4.463,Yes
49,1,NA,NA,NA,NA,NA,NA,NA,NA,NA,NA,NA,NA,NA,No
50,1,NA,NA,NA,NA,NA,NA,NA,NA,NA,NA,NA,NA,NA,No
51,1,NA,NA,NA,NA,NA,NA,NA,NA,NA,NA,NA,NA,NA,No
52,1,NA,NA,NA,NA,NA,NA,NA,NA,NA,NA,NA,NA,NA,No
53,1,NA,NA,NA,NA,NA,NA,NA,NA,NA,NA,NA,NA,NA,No
54,0,EC:A4:CE:3D:E0:A8,0X1EFF4C00121910DF7D90E4A791636526DCD79DD488F6795F10CC126E3C01A8,0X121910DF7D90E4A791636526DCD79DD488F6795F10CC126E3C01A8,-24,-47,-63,-71,NA,0.237,1.889,3.04,4.478,NA,Yes
55,0,D1:E1:3D:93:60:34,0X1EFF4C0012191055A816F1DBF2F7FADC2CD18988F8C18E478CB7EA73AD0034,0X12191055A816F1DBF2F7FADC2CD18988F8C18E478CB7EA73AD0034,-23,-45,-62,-71,NA,0.284,0.796,2.833,4.198,NA,Yes
56,1,NA,NA,NA,NA,NA,NA,NA,NA,NA,NA,NA,NA,NA,No
57,1,NA,NA,NA,NA,NA,NA,NA,NA,NA,NA,NA,NA,NA,No
58,0,EC:A4:CE:3D:E0:A8,0X1EFF4C00121910DF7D90E4A791636526DCD79DD488F6795F10CC126E3C01A8,0X121910DF7D90E4A791636526DCD79DD488F6795F10CC126E3C01A8,-22,-45,-53,-73,-80,0.418,1.364,2.316,2.498,6.784,Yes
59,0,D1:E1:3D:93:60:34,0X1EFF4C0012191055A816F1DBF2F7FADC2CD18988F8C18E478CB7EA73AD0034,0X12191055A816F1DBF2F7FADC2CD18988F8C18E478CB7EA73AD0034,-22,-47,-58,-73,-76,0.405,1.879,2.219,5.009,8.376,Yes
60,1,NA,NA,NA,NA,NA,NA,NA,NA,NA,NA,NA,NA,NA,No
61,1,NA,NA,NA,NA,NA,NA,NA,NA,NA,NA,NA,NA,NA,No
62,0,FA:AB:29:CE:49:73,0X1EFF4C00121910F82B595636E9D4D13BE96844D16AED8DF02A27ABA9C10273,0X121910F82B595636E9D4D13BE96844D16AED8DF02A27ABA9C10273,-24,-47,-57,-71,-80,0.479,1.629,3.038,3.312,4.337,Yes
63,0,E0:3A:2C:C9:2E:FD,0X1EFF4C001219105CB4F25D26DF1C0B87ADEA40EF545BE380168F7E780003FD,0X1219105CB4F25D26DF1C0B87ADEA40EF545BE380168F7E780003FD,-23,-46,-62,-73,-82,0.315,1.827,1.349,5.066,7.833,Yes
64,1,NA,NA,NA,NA,NA,NA,NA,NA,NA,NA,NA,NA,NA,No
65,0,FA:AB:29:CE:49:73,0X1EFF4C00121910F82B595636E9D4D13BE96844D16AED8DF02A27ABA9C1026B,0X121910F82B595636E9D4D13BE96844D16AED8DF02A27ABA9C1026B,-25,-47,-63,-70,-80,0.272,1.553,1.622,2.092,8.103,Yes
66,1,NA,NA,NA,NA,NA,NA,NA,NA,NA,NA,NA,NA,NA,No
67,0,E0:3A:2C:C9:2E:FD,0X1EFF4C001219105CB4F25D26DF1C0B87ADEA40EF545BE380168F7E7800032F,0X1219105CB4F25D26DF1C0B87ADEA40EF545BE380168F7E7800032F,-23,-48,-61,-74,-83,0.337,0.896,1.17,2.142,4.632,Yes
68,1,NA,NA,NA,NA,NA,NA,NA,NA,NA,NA,NA,NA,NA,No
69,0,FA:AB:29:CE:49:73,0X1EFF4C00121910F82B595636E9D4D13BE96844D16AED8DF02A27ABA9C1024A,0X121910F82B595636E9D4D13BE96844D16AED8DF02A27ABA9C1024A,-23,-48,-59,-71,-84,0.333,1.355,2.009,3.511,4.986,Yes
70,1,NA,NA,NA,NA,NA,NA,NA,NA,NA,NA,NA,NA,NA,No
71,0,E0:3A:2C:C9:2E:FD,0X1EFF4C001219105CB4F25D26DF1C0B87ADEA40EF545BE380168F7E78000336,0X1219105CB4F25D26DF1C0B87ADEA40EF545BE380168F7E78000336,-25,-45,-52,-74,-76,0.386,0.913,0.94,5.032,7.242,Yes
72,1,NA,NA,NA,NA,NA,NA,NA,NA,NA,NA,NA,NA,NA,No
73,0,FA:AB:29:CE:49:73,0X1EFF4C00121910F82B595636E9D4D13BE96844D16AED8DF02A27ABA9C102EA,0X121910F82B595636E9D4D13BE96844D16AED8DF02A27ABA9C102EA,-26,-48,-62,-71,-77,0.241,1.712,2.757,4.983,5.241,Yes
74,1,NA,NA,NA,NA,NA,NA,NA,NA,NA,NA,NA,NA,NA,No
75,0,E0:3A:2C:C9:2E:FD,0X1EFF4C001219105CB4F25D26DF1C0B87ADEA40EF545BE380168F7E7800037B,0X1219105CB4F25D26DF1C0B87ADEA40EF545BE380168F7E7800037B,-25,-49,-59,-74,-80,0.498,1.432,2.291,3.228,6.114,Yes
76,1,NA,NA,NA,NA,NA,NA,NA,NA,NA,NA,NA,NA,NA,No
77,1,NA,NA,NA,NA,NA,NA,NA,NA,NA,NA,NA,NA,NA,No
78,1,NA,NA,NA,NA,NA,NA,NA,NA,NA,NA,NA,NA,NA,No
79,0,D3:BC:BA:3B:EE:8D,0X1EFF4C00121910D60B308E463F754B48B925AC19AE5FC58D8F9A90DDDF038D,0X121910D60B308E463F754B48B925AC19AE5FC58D8F9A90DDDF038D,-23,-45,-60,-71,NA,0.402,1.447,0.938,3.478,NA,Yes
80,0,D3:BC:BA:3B:EE:8D,0X1EFF4C00121910D60B308E463F754B48B925AC19AE5FC58D8F9A90DDDF038D,0X121910D60B308E463F754B48B925AC19AE5FC58D8F9A90DDDF038D,-24,-46,-58,-73,NA,0.456,1.494,1.64,4.419,NA,Yes
81,0,D3:BC:BA:3B:EE:8D,0X1EFF4C00121910D60B308E463F754B48B925AC19AE5FC58D8F9A90DDDF039C,0X121910D60B308E463F754B48B925AC19AE5FC58D8F9A90DDDF039C,-23,-49,-63,-71,NA,0.322,1.212,1.408,3.375,NA,Yes
82,0,D3:BC:BA:3B:EE:8D,0X1EFF4C00121910D60B308E463F754B48B925AC19AE5FC58D8F9A90DDDF039C,0X121910D60B308E463F754B48B925AC19AE5FC58D8F9A90DDDF039C,-23,-46,-53,-70,NA,0.258,1.628,1.738,3.88,NA,Yes
83,1,NA,NA,NA,NA,NA,NA,NA,NA,NA,NA,NA,NA,NA,No
84,1,NA,NA,NA,NA,NA,NA,NA,NA,NA,NA,NA,NA,NA,No
85,1,NA,NA,NA,NA,NA,NA,NA,NA,NA,NA,NA,NA,NA,No
86,0,C8:24:BF:04:CE:6C,0X1EFF4C001219101D15008D34FF7391FE145837ACD3E4A69864579B8AB9016C,0X1219101D15008D34FF7391FE145837ACD3E4A69864579B8AB9016C,-25,-45,-52,-74,-81,0.478,1.886,2.93,4.869,4.946,Yes
87,1,NA,NA,NA,NA,NA,NA,NA,NA,NA,NA,NA,NA,NA,No
88,0,C8:24:BF:04:CE:6C,0X1EFF4C001219101D15008D34FF7391FE145837ACD3E4A69864579B8AB9016C,0X1219101D15008D34FF7391FE145837ACD3E4A69864579B8AB9016C,-23,-48,-55,-71,-79,0.468,1.089,2.199,4.816,7.341,Yes
89,1,NA,NA,NA,NA,NA,NA,NA,NA,NA,NA,NA,NA,NA,No
90,1,NA,NA,NA,NA,NA,NA,NA,NA,NA,NA,NA,NA,NA,No
91,1,NA,NA,NA,NA,NA,NA,NA,NA,NA,NA,NA,NA,NA,No
92,1,NA,NA,NA,NA,NA,NA,NA,NA,NA,NA,NA,NA,NA,No
93,1,NA,NA,NA,NA,NA,NA,NA,NA,NA,NA,NA,NA,NA,No
94,0,DD:2A:12:99:8C:BD,0X1EFF4C00121910AA75126E6ADDF2EF8AA63A04031A047125E156B1D8D00BD,0X121910AA75126E6ADDF2EF8AA63A04031A047125E156B1D8D00BD,-29,-49,-55,-72,-84,0.401,0.85,2.259,5.189,7.29,Yes
95,1,NA,NA,NA,NA,NA,NA,NA,NA,NA,NA,NA,NA,NA,No
96,0,DD:2A:12:99:8C:BD,0X1EFF4C00121910AA75126E6ADDF2EF8AA63A04031A047125E156B1D8D00BD,0X121910AA75126E6ADDF2EF8AA63A04031A047125E156B1D8D00BD,-27,-46,-55,-73,-80,0.404,1.133,2.854,2.759,4.99,Yes
97,1,NA,NA,NA,NA,NA,NA,NA,NA,NA,NA,NA,NA,NA,No
98,0,C8:24:BF:04:CE:6C,0X1EFF4C001219101D15008D34FF7391FE145837ACD3E4A69864579B8AB9010D,0X1219101D15008D34FF7391FE145837ACD3E4A69864579B8AB9010D,-25,-47,-63,-70,NA,0.446,1.62,2.097,3.825,NA,Yes
99,1,NA,NA,NA,NA,NA,NA,NA,NA,NA,NA,NA,NA,NA,No
100,0,DD:2A:12:99:8C:BD,0X1EFF4C00121910AA75126E6ADDF2EF8AA63A04031A047125E156B1D8D002F,0X121910AA75126E6ADDF2EF8AA63A04031A047125E156B1D8D002F,-27,-46,-63,-72,NA,0.398,1.215,1.032,3.98,NA,Yes
101,1,NA,NA,NA,NA,NA,NA,NA,NA,NA,NA,NA,NA,NA,No
102,0,F8:0A:DA:33:07:BA,0X1EFF4C00121910EC932CEEC3ED5D9A5BC697F417E838463EDBC55F993701BA,0X121910EC932CEEC3ED5D9A5BC697F417E838463EDBC55F993701BA,-24,-49,-53,-74,-83,0.371,1.799,2.227,3.748,5.206,Yes
103,0,F8:0A:DA:33:07:BA,0X1EFF4C00121910EC932CEEC3ED5D9A5BC697F417E838463EDBC55F993701BA,0X121910EC932CEEC3ED5D9A5BC697F417E838463EDBC55F993701BA,-23,-45,-63,-70,-78,0.294,0.879,1.32,5.168,5.749,Yes
104,0,F8:0A:DA:33:07:BA,0X1EFF4C00121910EC932CEEC3ED5D9A5BC697F417E838463EDBC55F993701BA,0X121910EC932CEEC3ED5D9A5BC697F417E838463EDBC55F993701BA,-24,-48,-58,-73,-77,0.42,1.489,1.547,2.279,7.632,Yes
105,0,F8:0A:DA:33:07:BA,0X1EFF4C00121910EC932CEEC3ED5D9A5BC697F417E838463EDBC55F99370136,0X121910EC932CEEC3ED5D9A5BC697F417E838463EDBC55F99370136,-25,-49,-60,-74,-78,0.213,0.814,2.156,2.624,5.071,Yes
106,0,F8:0A:DA:33:07:BA,0X1EFF4C00121910EC932CEEC3ED5D9A5BC697F417E838463EDBC55F99370136,0X121910EC932CEEC3ED5D9A5BC697F417E838463EDBC55F99370136,-23,-48,-55,-71,-77,0.461,1.201,2.723,4.109,5.164,Yes
107,0,F8:0A:DA:33:07:BA,0X1EFF4C00121910EC932CEEC3ED5D9A5BC697F417E838463EDBC55F9937014D,0X121910EC932CEEC3ED5D9A5BC697F417E838463EDBC55F9937014D,-22,-48,-56,-72,-76,0.412,1.989,3.082,2.978,5.011,Yes
108,0,F8:0A:DA:33:07:BA,0X1EFF4C00121910EC932CEEC3ED5D9A5BC697F417E838463EDBC55F9937014D,0X121910EC932CEEC3ED5D9A5BC697F417E838463EDBC55F9937014D,-24,-47,-56,-74,-83,0.416,1.432,2.745,4.115,7.734,Yes
109,0,F8:0A:DA:33:07:BA,0X1EFF4C00121910EC932CEEC3ED5D9A5BC697F417E838463EDBC55F9937014D,0X121910EC932CEEC3ED5D9A5BC697F417E838463EDBC55F9937014D,-28,-48,-60,-74,-83,0.234,1.077,1.314,4.804,4.379,Yes
110,1,NA,NA,NA,NA,NA,NA,NA,NA,NA,NA,NA,NA,NA,No
111,1,NA,NA,NA,NA,NA,NA,NA,NA,NA,NA,NA,NA,NA,No
112,1,NA,NA,NA,NA,NA,NA,NA,NA,NA,NA,NA,NA,NA,No
113,1,NA,NA,NA,NA,NA,NA,NA,NA,NA,NA,NA,NA,NA,No
114,1,NA,NA,NA,NA,NA,NA,NA,NA,NA,NA,NA,NA,NA,No
115,1,NA,NA,NA,NA,NA,NA,NA,NA,NA,NA,NA,NA,NA,No
116,1,NA,NA,NA,NA,NA,NA,NA,NA,NA,NA,NA,NA,NA,No
117,0,E0:96:9E:0A:D5:15,0X1EFF4C001219103EF3CAC02A1E21566F92AA84CA730352231F1EA995CE0115,0X1219103EF3CAC02A1E21566F92AA84CA730352231F1EA995CE0115,-25,-47,-53,-72,-78,0.237,0.818,2.519,3.385,6.876,Yes
118,0,E9:18:1C:C4:DF:D4,0X1EFF4C00121910E06D16E474A7B514F516B3E41E3F9F0F58E2926A28A701D4,0X121910E06D16E474A7B514F516B3E41E3F9F0F58E2926A28A701D4,-27,-46,-54,-70,-84,0.445,1.454,2.935,3.554,8.372,Yes
119,1,E0:96:9E:0A:D5:15,0X1EFF4C001219103EF3CAC02A1E21566F92AA84CA730352231F1EA995CE0115,0X1219103EF3CAC02A1E21566F92AA84CA730352231F1EA995CE0115,-25,-46,-55,-74,-76,0.373,1.748,2.533,3.605,6.832,Yes
120,1,NA,NA,NA,NA,NA,NA,NA,NA,NA,NA,NA,NA,NA,No
121,0,E0:96:9E:0A:D5:15,0X1EFF4C001219103EF3CAC02A1E21566F92AA84CA730352231F1EA995CE01A9,0X1219103EF3CAC02A1E21566F92AA84CA730352231F1EA995CE01A9,-27,-49,-54,-74,NA,0.495,1.403,1.685,4.507,NA,Yes
122,0,E9:18:1C:C4:DF:D4,0X1EFF4C00121910E06D16E474A7B514F516B3E41E3F9F0F58E2926A28A70133,0X121910E06D16E474A7B514F516B3E41E3F9F0F58E2926A28A70133,-25,-46,-59,-73,NA,0.387,1.788,3.069,3.719,NA,Yes
123,1,NA,NA,NA,NA,NA,NA,NA,NA,NA,NA,NA,NA,NA,No
124,1,NA,NA,NA,NA,NA,NA,NA,NA,NA,NA,NA,NA,NA,No
125,0,NA,NA,NA,NA,NA,NA,NA,NA,NA,NA,NA,NA,NA,No
126,1,NA,NA,NA,NA,NA,NA,NA,NA,NA,NA,NA,NA,NA,No
127,0,FB:BE:01:49:CF30,0X1EFF4C001219102535C8163BF3FCB94EC444D8E596CCAB58DBAD8AC1030130,0X1219102535C8163BF3FCB94EC444D8E596CCAB58DBAD8AC1030130,-23,-48,-58,-73,NA,0.31,1.615,2.801,4.574,NA,Yes
128,0,FB:BE:01:49:CF30,0X1EFF4C001219102535C8163BF3FCB94EC444D8E596CCAB58DBAD8AC10301CD,0X1219102535C8163BF3FCB94EC444D8E596CCAB58DBAD8AC10301CD,-25,-46,-59,-71,NA,0.349,1.231,1.251,3.008,NA,Yes
129,0,FB:BE:01:49:CF30,0X1EFF4C001219102535C8163BF3FCB94EC444D8E596CCAB58DBAD8AC10301A8,0X1219102535C8163BF3FCB94EC444D8E596CCAB58DBAD8AC10301A8,-23,-45,-57,-70,NA,0.395,1.417,2.138,2.864,NA,Yes
130,1,NA,NA,NA,NA,NA,NA,NA,NA,NA,NA,NA,NA,NA,No
131,1,NA,NA,NA,NA,NA,NA,NA,NA,NA,NA,NA,NA,NA,No
132,1,NA,NA,NA,NA,NA,NA,NA,NA,NA,NA,NA,NA,NA,No
133,0,E3:85:FB:F3:B9:E1,0X1EFF4C00121910D2FC25FF3436B1E9447990806A050581C3453369289603E1,0X121910D2FC25FF3436B1E9447990806A050581C3453369289603E1,-22,-47,-52,-73,-81,0.251,1.578,1.472,2.129,6.714,Yes
134,0,E3:85:FB:F3:B9:E1,0X1EFF4C00121910D2FC25FF3436B1E9447990806A050581C345336928960374,0X121910D2FC25FF3436B1E9447990806A050581C345336928960374,-28,-48,-55,-71,-83,0.416,1.413,2.422,2.101,7.885,Yes
135,1,NA,NA,NA,NA,NA,NA,NA,NA,NA,NA,NA,NA,NA,No
136,1,NA,NA,NA,NA,NA,NA,NA,NA,NA,NA,NA,NA,NA,No
137,0,FF:E8:3B:14:1C:B8,0X1EFF4C0012191018DF0AD33AC75EF359AEE5CB3B70C9FDB05D8E86EC7402B8,0X12191018DF0AD33AC75EF359AEE5CB3B70C9FDB05D8E86EC7402B8,-26,-49,-63,-72,-79,0.495,1.99,2.415,2.943,7.705,Yes
138,1,NA,NA,NA,NA,NA,NA,NA,NA,NA,NA,NA,NA,NA,No
139,0,C8:16:46:95:31:34,0X1EFF4C0012191094ACA0202747A0D03EE9D77C1DC12FEB13708AC539B00034,0X12191094ACA0202747A0D03EE9D77C1DC12FEB13708AC539B00034,-28,-48,-60,-70,-83,0.4,2.024,1.105,2.063,6.267,Yes
140,1,NA,NA,NA,NA,NA,NA,NA,NA,NA,NA,NA,NA,NA,No
141,0,F8:C7:9E:74:68:97,0X1EFF4C001219109BF344DDFF66F6FA38BB12A264138D1E330F75DA79FD0231,0X1219109BF344DDFF66F6FA38BB12A264138D1E330F75DA79FD0231,-23,-45,-61,-70,-80,0.464,1.143,2.408,5.198,4.928,Yes
142,1,NA,NA,NA,NA,NA,NA,NA,NA,NA,NA,NA,NA,NA,No
143,0,CB:7E:76:E6:C8:FE,0X1EFF4C00121910220D376736FD15B442C62F9D08A5DC8ABD79B01A7CC20367,0X121910220D376736FD15B442C62F9D08A5DC8ABD79B01A7CC20367,-24,-45,-54,-71,NA,0.341,1.335,2.439,3.225,NA,Yes
144,1,NA,NA,NA,NA,NA,NA,NA,NA,,,,,NA,No
145,0,E5:84:13:7C:63:67,0X1EFF4C00121910A8A62498EEB950B7BD66494203B0BB891517509EECA10367,0X121910A8A62498EEB950B7BD66494203B0BB891517509EECA10367,-23,-47,-53,-72,NA,0.251,1.793,0.875,4.698,NA,Yes
146,1,NA,NA,NA,NA,NA,NA,NA,NA,,,,,NA,No
147,0,D2:49:B6:F2:60:31,0X1EFF4C00121910A582A34C8E406A2B067F9B3EBA838C549129E8A8C87F0131,0X121910A582A34C8E406A2B067F9B3EBA838C549129E8A8C87F0131,-23,-49,-63,-74,NA,0.351,1.269,2.081,3.879,NA,Yes
148,1,NA,NA,NA,NA,NA,NA,NA,NA,NA,NA,NA,NA,NA,No
149,1,NA,NA,NA,NA,NA,NA,NA,NA,NA,NA,NA,NA,NA,No
150,1,NA,NA,NA,NA,NA,NA,NA,NA,NA,NA,NA,NA,NA,No
151,0,F8:7A:33:CE:F4:6D,0X1EFF4C00121910E12AD489C479BBC90A6F15FE7B853C7866FF00E01BC456E9,0X121910E12AD489C479BBC90A6F15FE7B853C7866FF00E01BC456E9,-25,-45,-59,-73,NA,0.384,0.869,1.98,4.317,NA,Yes
152,0,F8:7A:33:CE:F4:6D,0X1EFF4C00121910E12AD489C479BBC90A6F15FE7B853C7866FF00E01BC456E9,0X121910E12AD489C479BBC90A6F15FE7B853C7866FF00E01BC456E9,-26,-45,-57,-73,NA,0.287,1.676,2.158,4.65,NA,Yes
153,0,F8:7A:33:CE:F4:6D,0X1EFF4C00121910E12AD489C479BBC90A6F15FE7B853C7866FF00E01BC45625,0X121910E12AD489C479BBC90A6F15FE7B853C7866FF00E01BC45625,-23,-48,-61,-73,NA,0.299,1.821,2.096,4.998,NA,Yes
154,0,F8:7A:33:CE:F4:6D,0X1EFF4C00121910E12AD489C479BBC90A6F15FE7B853C7866FF00E01BC45625,0X121910E12AD489C479BBC90A6F15FE7B853C7866FF00E01BC45625,-22,-49,-53,-72,NA,0.431,1.782,1.617,5.207,NA,Yes
155,1,NA,NA,NA,NA,NA,NA,NA,NA,NA,NA,NA,NA,NA,No
156,1,NA,NA,NA,NA,NA,NA,NA,NA,NA,NA,NA,NA,NA,No
157,0,E8:33:10:AB:1D:C0,0X1EFF4C00121910EE046A3C7D7899AA023C66CF93A170DD0BC626A72E0C34F3,0X121910EE046A3C7D7899AA023C66CF93A170DD0BC626A72E0C34F3,-27,-47,-56,-73,-76,0.408,0.983,2.399,3.288,6.101,Yes
158,0,E8:33:10:AB:1D:C0,0X1EFF4C00121910EE046A3C7D7899AA023C66CF93A170DD0BC626A72E0C34BC,0X121910EE046A3C7D7899AA023C66CF93A170DD0BC626A72E0C34BC,-22,-49,-58,-71,-84,0.292,0.912,1.512,2.713,7.985,Yes
159,0,E8:33:10:AB:1D:C0,0X1EFF4C00121910EE046A3C7D7899AA023C66CF93A170DD0BC626A72E0C348F,0X121910EE046A3C7D7899AA023C66CF93A170DD0BC626A72E0C348F,-24,-48,-58,-71,-78,0.308,1.06,2.976,3.728,7.615,Yes
160,0,CB:05:67:BE:F2:9D,0X1EFF4C001219100F162733EB284CA0084AF8231184D0638CAA24511BE609BA,0X1219100F162733EB284CA0084AF8231184D0638CAA24511BE609BA,-27,-49,-63,-70,-83,0.261,0.806,0.991,3.923,6.593,Yes
161,0,CB:05:67:BE:F2:9D,0X1EFF4C001219100F162733EB284CA0084AF8231184D0638CAA24511BE6094E,0X1219100F162733EB284CA0084AF8231184D0638CAA24511BE6094E,-27,-47,-61,-72,-83,0.227,1.702,1.872,5.019,5.965,Yes
162,1,NA,NA,NA,NA,NA,NA,NA,NA,NA,NA,NA,NA,NA,No
163,1,NA,NA,NA,NA,NA,NA,NA,NA,NA,NA,NA,NA,NA,No
164,1,NA,NA,NA,NA,NA,NA,NA,NA,NA,NA,NA,NA,NA,No
165,1,NA,NA,NA,NA,NA,NA,NA,NA,NA,NA,NA,NA,NA,No
166,1,NA,NA,NA,NA,NA,NA,NA,NA,NA,NA,NA,NA,NA,No
167,0,E6:97:D6:BA:C3:DA,0X1EFF4C0012191060D6C2598EA86EDAE003AAB5C16079E5252E6EE4711B03DA,0X12191060D6C2598EA86EDAE003AAB5C16079E5252E6EE4711B03DA,-28,-48,-63,-73,-79,0.382,0.938,2.861,4.398,4.904,Yes
168,1,NA,NA,NA,NA,NA,NA,NA,NA,NA,NA,NA,NA,NA,No
169,0,D8:20:1C:20:C1:E0,0X1EFF4C001219104D594D225A97D273C243B8AFD5B1E7F9CA339502606B00E0,0X1219104D594D225A97D273C243B8AFD5B1E7F9CA339502606B00E0,-25,-49,-63,-70,-83,0.247,1.37,1.264,3.798,7.888,Yes
170,1,NA,NA,NA,NA,NA,NA,NA,NA,NA,NA,NA,NA,NA,No
171,0,F9:65:74:41:91:D7,0X1EFF4C00121910C7CE58F34DF045A16246FA3C53AF0DE2A08A81AF037B00D7,0X121910C7CE58F34DF045A16246FA3C53AF0DE2A08A81AF037B00D7,-22,-47,-58,-73,-79,0.444,1.93,1.69,3.169,6.104,Yes
172,1,NA,NA,NA,NA,NA,NA,NA,NA,NA,NA,NA,NA,NA,No
173,0,D7:CC:14:52:F6:02,0X1EFF4C001219109044C9A1694A8D6AB15CA336A625715E3EF7651007240002,0X1219109044C9A1694A8D6AB15CA336A625715E3EF7651007240002,-23,-47,-55,-73,-81,0.349,0.814,2.705,2.073,6.91,Yes
174,1,NA,NA,NA,NA,NA,NA,NA,NA,NA,NA,NA,NA,NA,No
175,0,CC:35:4C:9A:AB:F6,0X1EFF4C0012191082A7CD6D1FBE3DC51981405FE6D9B42D7137A44990BA03F6,0X12191082A7CD6D1FBE3DC51981405FE6D9B42D7137A44990BA03F6,-22,-46,-53,-73,-80,0.34,0.854,2.996,2.628,5.446,Yes
176,1,NA,NA,NA,NA,NA,NA,NA,NA,NA,NA,NA,NA,NA,No
177,0,FB:EF:04:1E:AC:07,0X1EFF4C00121910A5C82371BB79D3026452271A146109E4837526BABCEE0107,0X121910A5C82371BB79D3026452271A146109E4837526BABCEE0107,-23,-48,-54,-74,-84,0.26,1.433,2.117,4.161,6.302,Yes
178,1,NA,NA,NA,NA,NA,NA,NA,NA,NA,NA,NA,NA,NA,No
179,0,E6:75:20:25:D3:6C,0X1EFF4C00121910CE3308BA50FF12CA587EF3370A8E0B1170DD2AA8B10552C3,0X121910CE3308BA50FF12CA587EF3370A8E0B1170DD2AA8B10552C3,-25,-45,-60,-71,-82,0.393,1.941,1.584,3.666,4.343,Yes
180,1,NA,NA,NA,NA,NA,NA,NA,NA,NA,NA,NA,NA,NA,No
181,0,D8:14:55:3A:F7:63,0X1EFF4C00121910C7200AF77317EE0C85BBA232011EF0BA653309A8CA104D6D,0X121910C7200AF77317EE0C85BBA232011EF0BA653309A8CA104D6D,-25,-49,-52,-74,-80,0.469,0.866,2.226,3.901,4.553,Yes
182,1,NA,NA,NA,NA,NA,NA,NA,NA,NA,NA,NA,NA,NA,No
183,0,EC:48:8A:A6:98:6B,0X1EFF4C00121910660BC0E7D5A7C294EA52FFF0797124A8BC71BADAE062006B,0X121910660BC0E7D5A7C294EA52FFF0797124A8BC71BADAE062006B,-27,-45,-53,-74,-76,0.361,1.644,3.113,5.098,4.224,Yes
184,1,NA,NA,NA,NA,NA,NA,NA,NA,NA,NA,NA,NA,NA,No
185,0,E3:1F:F8:5D:1B:EB,0X1EFF4C00121910967F20B53E7EC60496511C3E5CCD50200B9E989E65C802EB,0X121910967F20B53E7EC60496511C3E5CCD50200B9E989E65C802EB,-25,-47,-56,-72,-79,0.323,1.599,1.095,4.023,6.714,Yes
186,1,NA,NA,NA,NA,NA,NA,NA,NA,NA,NA,NA,NA,NA,No
187,0,E6:31:E8:A1:2B:7A,0X1EFF4C0012191031345CE0A87400ECD2055A47C944AB8BB385EA11DE259A0B,0X12191031345CE0A87400ECD2055A47C944AB8BB385EA11DE259A0B,-24,-47,-53,-71,NA,0.447,1.668,1.381,5.26,NA,Yes
188,0,E6:31:E8:A1:2B:7A,0X1EFF4C0012191031345CE0A87400ECD2055A47C944AB8BB385EA11DE259A34,0X12191031345CE0A87400ECD2055A47C944AB8BB385EA11DE259A34,-27,-45,-54,-70,NA,0.262,1.196,3.06,4.289,NA,Yes
189,0,E6:31:E8:A1:2B:7A,0X1EFF4C0012191031345CE0A87400ECD2055A47C944AB8BB385EA11DE259A2F,0X12191031345CE0A87400ECD2055A47C944AB8BB385EA11DE259A2F,-25,-47,-60,-74,NA,0.467,1.391,1.925,3.742,NA,Yes
190,0,D3:E5:34:22:AC:8D,0X1EFF4C00121910EB300356A85EDE281F7FA0355A6EBD88DF1608244A6EBC2D,0X121910EB300356A85EDE281F7FA0355A6EBD88DF1608244A6EBC2D,-23,-46,-52,-71,NA,0.265,1.295,1.162,3.596,NA,Yes
191,0,D3:E5:34:22:AC:8D,0X1EFF4C00121910EB300356A85EDE281F7FA0355A6EBD88DF1608244A6EBCA8,0X121910EB300356A85EDE281F7FA0355A6EBD88DF1608244A6EBCA8,-23,-47,-59,-73,NA,0.416,1.708,2.97,5.273,NA,Yes
192,0,D3:E5:34:22:AC:8D,0X1EFF4C00121910EB300356A85EDE281F7FA0355A6EBD88DF1608244A6EBC7C,0X121910EB300356A85EDE281F7FA0355A6EBD88DF1608244A6EBC7C,-23,-46,-56,-74,NA,0.369,1.502,2.063,2.976,NA,Yes
193,0,F5:2A:32:EB:45:87,0X1EFF4C001219107AA23EF87065011EAAC69704AFCB348BEE1A9CFF740400AC,0X1219107AA23EF87065011EAAC69704AFCB348BEE1A9CFF740400AC,-24,-45,-61,-73,-78,0.474,1.381,2.591,4.919,8.459,Yes
194,0,F5:2A:32:EB:45:87,0X1EFF4C001219107AA23EF87065011EAAC69704AFCB348BEE1A9CFF74040056,0X1219107AA23EF87065011EAAC69704AFCB348BEE1A9CFF74040056,-27,-45,-62,-73,-79,0.462,0.791,0.894,4.395,6.667,Yes
195,0,C9:AE:3F:66:82:A1,0X1EFF4C00121910E9FAA31336CAFB54070E07255EA6288AB0F7EE226A660A22,0X121910E9FAA31336CAFB54070E07255EA6288AB0F7EE226A660A22,-23,-48,-58,-71,-76,0.494,1.301,1.662,4.301,7.447,Yes
196,0,C9:AE:3F:66:82:A1,0X1EFF4C00121910E9FAA31336CAFB54070E07255EA6288AB0F7EE226A660AE8,0X121910E9FAA31336CAFB54070E07255EA6288AB0F7EE226A660AE8,-24,-46,-55,-71,-76,0.359,1.111,2.824,2.612,7.814,Yes
197,1,NA,NA,NA,NA,NA,NA,NA,NA,NA,NA,NA,NA,NA,No
198,1,NA,NA,NA,NA,NA,NA,NA,NA,NA,NA,NA,NA,NA,No
199,1,NA,NA,NA,NA,NA,NA,NA,NA,NA,NA,NA,NA,NA,No
200,1,NA,NA,NA,NA,NA,NA,NA,NA,NA,NA,NA,NA,NA,No
